point_time,flight_date_pst,point_time_pst_clean,altitude,ground_speed,heading,lat,lon,icao,call_sign,leg_id,flight_leg,geometry
2025-02-05 00:00:06.730,2025-02-04,16:00:06,34000,376.1,260.5,40.601486,-116.672668,a37eff,,1,,POINT (-116.672668 40.601486)
2025-02-05 00:00:26.240,2025-02-04,16:00:26,34000,370.2,260.4,40.595764,-116.71637,a37eff,,1,,POINT (-116.71637 40.595764)
2025-02-05 00:00:46.230,2025-02-04,16:00:46,34000,370.4,260.2,40.589996,-116.760681,a37eff,,1,,POINT (-116.760681 40.589996)
2025-02-05 00:01:06.170,2025-02-04,16:01:06,34000,373.2,260.4,40.584194,-116.804955,a37eff,DAL1088,1,DAL1088_2025-02-04_leg1,POINT (-116.804955 40.584194)
2025-02-05 00:01:25.830,2025-02-04,16:01:25,34000,379.3,260.4,40.578515,-116.84915,a37eff,DAL1088,1,DAL1088_2025-02-04_leg1,POINT (-116.84915 40.578515)
2025-02-05 00:01:44.340,2025-02-04,16:01:44,34025,375.2,259.6,40.572975,-116.891036,a37eff,DAL1088,1,DAL1088_2025-02-04_leg1,POINT (-116.891036 40.572975)
2025-02-05 00:01:52.800,2025-02-04,16:01:52,34025,374.1,257.3,40.569996,-116.9097,a37eff,DAL1088,1,DAL1088_2025-02-04_leg1,POINT (-116.9097 40.569996)
2025-02-05 00:02:01.010,2025-02-04,16:02:01,34000,374.5,255.1,40.566605,-116.927917,a37eff,DAL1088,1,DAL1088_2025-02-04_leg1,POINT (-116.927917 40.566605)
2025-02-05 00:02:09.310,2025-02-04,16:02:09,34000,373.3,253.0,40.562641,-116.945842,a37eff,DAL1088,1,DAL1088_2025-02-04_leg1,POINT (-116.945842 40.562641)
2025-02-05 00:02:19.110,2025-02-04,16:02:19,34000,375.4,251.0,40.557287,-116.966941,a37eff,DAL1088,1,DAL1088_2025-02-04_leg1,POINT (-116.966941 40.557287)
2025-02-05 00:02:39.000,2025-02-04,16:02:39,33975,379.5,251.1,40.546022,-117.010137,a37eff,DAL1088,1,DAL1088_2025-02-04_leg1,POINT (-117.010137 40.546022)
2025-02-05 00:02:58.600,2025-02-04,16:02:58,34025,377.3,251.1,40.534896,-117.052585,a37eff,DAL1088,1,DAL1088_2025-02-04_leg1,POINT (-117.052585 40.534896)
2025-02-05 00:03:18.210,2025-02-04,16:03:18,33975,380.1,251.3,40.523804,-117.095215,a37eff,DAL1088,1,DAL1088_2025-02-04_leg1,POINT (-117.095215 40.523804)
2025-02-05 00:03:37.750,2025-02-04,16:03:37,34000,377.0,250.8,40.512726,-117.137573,a37eff,DAL1088,1,DAL1088_2025-02-04_leg1,POINT (-117.137573 40.512726)
2025-02-05 00:03:57.540,2025-02-04,16:03:57,33975,375.1,251.2,40.501602,-117.180237,a37eff,DAL1088,1,DAL1088_2025-02-04_leg1,POINT (-117.180237 40.501602)
2025-02-05 00:04:17.290,2025-02-04,16:04:17,33950,374.1,251.1,40.490624,-117.222373,a37eff,DAL1088,1,DAL1088_2025-02-04_leg1,POINT (-117.222373 40.490624)
2025-02-05 00:04:36.990,2025-02-04,16:04:36,33950,372.2,251.0,40.479545,-117.264696,a37eff,DAL1088,1,DAL1088_2025-02-04_leg1,POINT (-117.264696 40.479545)
2025-02-05 00:04:56.960,2025-02-04,16:04:56,33950,374.4,251.0,40.468279,-117.307392,a37eff,DAL1088,1,DAL1088_2025-02-04_leg1,POINT (-117.307392 40.468279)
2025-02-05 00:05:16.860,2025-02-04,16:05:16,34000,373.5,250.9,40.457108,-117.34967,a37eff,DAL1088,1,DAL1088_2025-02-04_leg1,POINT (-117.34967 40.457108)
2025-02-05 00:05:36.520,2025-02-04,16:05:36,34025,371.6,250.8,40.446074,-117.391475,a37eff,DAL1088,1,DAL1088_2025-02-04_leg1,POINT (-117.391475 40.446074)
2025-02-05 00:05:56.410,2025-02-04,16:05:56,33975,375.7,250.9,40.434808,-117.434235,a37eff,DAL1088,1,DAL1088_2025-02-04_leg1,POINT (-117.434235 40.434808)
2025-02-05 00:06:16.110,2025-02-04,16:06:16,34000,378.5,251.0,40.423553,-117.476807,a37eff,DAL1088,1,DAL1088_2025-02-04_leg1,POINT (-117.476807 40.423553)
2025-02-05 00:06:35.770,2025-02-04,16:06:35,34000,381.7,250.6,40.412184,-117.519566,a37eff,DAL1088,1,DAL1088_2025-02-04_leg1,POINT (-117.519566 40.412184)
2025-02-05 00:06:55.210,2025-02-04,16:06:55,34050,382.0,250.9,40.400872,-117.561826,a37eff,DAL1088,1,DAL1088_2025-02-04_leg1,POINT (-117.561826 40.400872)
2025-02-05 00:07:14.810,2025-02-04,16:07:14,34050,382.4,250.8,40.389466,-117.604585,a37eff,DAL1088,1,DAL1088_2025-02-04_leg1,POINT (-117.604585 40.389466)
2025-02-05 00:07:34.500,2025-02-04,16:07:34,34050,381.7,250.6,40.377968,-117.647594,a37eff,DAL1088,1,DAL1088_2025-02-04_leg1,POINT (-117.647594 40.377968)
2025-02-05 00:07:54.440,2025-02-04,16:07:54,34075,378.5,251.0,40.366423,-117.69104,a37eff,DAL1088,1,DAL1088_2025-02-04_leg1,POINT (-117.69104 40.366423)
2025-02-05 00:08:14.240,2025-02-04,16:08:14,34025,379.8,250.9,40.355118,-117.733826,a37eff,DAL1088,1,DAL1088_2025-02-04_leg1,POINT (-117.733826 40.355118)
2025-02-05 00:08:33.890,2025-02-04,16:08:33,34000,379.5,250.6,40.343674,-117.77655,a37eff,DAL1088,1,DAL1088_2025-02-04_leg1,POINT (-117.77655 40.343674)
2025-02-05 00:08:53.650,2025-02-04,16:08:53,34025,373.2,250.6,40.332254,-117.818819,a37eff,DAL1088,1,DAL1088_2025-02-04_leg1,POINT (-117.818819 40.332254)
2025-02-05 00:09:13.170,2025-02-04,16:09:13,34000,375.4,250.6,40.321081,-117.860392,a37eff,DAL1088,1,DAL1088_2025-02-04_leg1,POINT (-117.860392 40.321081)
2025-02-05 00:09:32.830,2025-02-04,16:09:32,34000,379.9,250.5,40.309629,-117.902839,a37eff,DAL1088,1,DAL1088_2025-02-04_leg1,POINT (-117.902839 40.309629)
2025-02-05 00:09:52.600,2025-02-04,16:09:52,34000,380.2,250.3,40.298038,-117.945598,a37eff,DAL1088,1,DAL1088_2025-02-04_leg1,POINT (-117.945598 40.298038)
2025-02-05 00:10:12.120,2025-02-04,16:10:12,34025,377.6,250.5,40.286545,-117.987732,a37eff,DAL1088,1,DAL1088_2025-02-04_leg1,POINT (-117.987732 40.286545)
2025-02-05 00:10:31.910,2025-02-04,16:10:31,34000,374.1,250.6,40.275088,-118.030056,a37eff,DAL1088,1,DAL1088_2025-02-04_leg1,POINT (-118.030056 40.275088)
2025-02-05 00:10:51.390,2025-02-04,16:10:51,33950,372.5,250.9,40.264023,-118.071655,a37eff,DAL1088,1,DAL1088_2025-02-04_leg1,POINT (-118.071655 40.264023)
2025-02-05 00:11:10.940,2025-02-04,16:11:10,33950,375.8,250.4,40.252789,-118.113265,a37eff,DAL1088,1,DAL1088_2025-02-04_leg1,POINT (-118.113265 40.252789)
2025-02-05 00:11:30.930,2025-02-04,16:11:30,33950,377.4,250.2,40.241011,-118.156086,a37eff,DAL1088,1,DAL1088_2025-02-04_leg1,POINT (-118.156086 40.241011)
2025-02-05 00:11:50.600,2025-02-04,16:11:50,34000,372.9,250.2,40.229507,-118.197937,a37eff,DAL1088,1,DAL1088_2025-02-04_leg1,POINT (-118.197937 40.229507)
2025-02-05 00:12:10.580,2025-02-04,16:12:10,33950,371.3,250.5,40.218014,-118.240044,a37eff,DAL1088,1,DAL1088_2025-02-04_leg1,POINT (-118.240044 40.218014)
2025-02-05 00:12:30.430,2025-02-04,16:12:30,33950,373.5,250.4,40.206619,-118.281982,a37eff,DAL1088,1,DAL1088_2025-02-04_leg1,POINT (-118.281982 40.206619)
2025-02-05 00:12:50.110,2025-02-04,16:12:50,33925,378.7,250.1,40.195038,-118.324097,a37eff,DAL1088,1,DAL1088_2025-02-04_leg1,POINT (-118.324097 40.195038)
2025-02-05 00:13:09.860,2025-02-04,16:13:09,34025,375.2,250.2,40.18338,-118.366387,a37eff,DAL1088,1,DAL1088_2025-02-04_leg1,POINT (-118.366387 40.18338)
2025-02-05 00:13:29.850,2025-02-04,16:13:29,34025,372.9,250.2,40.171695,-118.408709,a37eff,DAL1088,1,DAL1088_2025-02-04_leg1,POINT (-118.408709 40.171695)
2025-02-05 00:13:49.530,2025-02-04,16:13:49,34000,373.9,250.3,40.160243,-118.45047,a37eff,DAL1088,1,DAL1088_2025-02-04_leg1,POINT (-118.45047 40.160243)
2025-02-05 00:14:09.270,2025-02-04,16:14:09,34000,376.1,250.3,40.148698,-118.492418,a37eff,DAL1088,1,DAL1088_2025-02-04_leg1,POINT (-118.492418 40.148698)
2025-02-05 00:14:28.840,2025-02-04,16:14:28,34050,371.0,250.1,40.137314,-118.533936,a37eff,DAL1088,1,DAL1088_2025-02-04_leg1,POINT (-118.533936 40.137314)
2025-02-05 00:14:42.910,2025-02-04,16:14:42,34075,367.2,250.9,40.129211,-118.563354,a37eff,DAL1088,1,DAL1088_2025-02-04_leg1,POINT (-118.563354 40.129211)
2025-02-05 00:14:50.560,2025-02-04,16:14:50,34025,367.3,253.4,40.125329,-118.579497,a37eff,DAL1088,1,DAL1088_2025-02-04_leg1,POINT (-118.579497 40.125329)
2025-02-05 00:14:59.380,2025-02-04,16:14:59,33975,368.9,255.4,40.121292,-118.598389,a37eff,DAL1088,1,DAL1088_2025-02-04_leg1,POINT (-118.598389 40.121292)
2025-02-05 00:15:19.260,2025-02-04,16:15:19,33950,373.5,255.7,40.113039,-118.64142,a37eff,DAL1088,1,DAL1088_2025-02-04_leg1,POINT (-118.64142 40.113039)
2025-02-05 00:15:38.810,2025-02-04,16:15:38,34025,372.5,255.7,40.104706,-118.683929,a37eff,DAL1088,1,DAL1088_2025-02-04_leg1,POINT (-118.683929 40.104706)
2025-02-05 00:15:58.540,2025-02-04,16:15:58,34075,368.4,255.7,40.096436,-118.726746,a37eff,DAL1088,1,DAL1088_2025-02-04_leg1,POINT (-118.726746 40.096436)
2025-02-05 00:16:18.180,2025-02-04,16:16:18,34050,366.5,255.6,40.08818,-118.768761,a37eff,DAL1088,1,DAL1088_2025-02-04_leg1,POINT (-118.768761 40.08818)
2025-02-05 00:16:38.120,2025-02-04,16:16:38,34000,367.0,256.0,40.079847,-118.811583,a37eff,DAL1088,1,DAL1088_2025-02-04_leg1,POINT (-118.811583 40.079847)
2025-02-05 00:16:57.950,2025-02-04,16:16:57,34025,365.0,255.9,40.071716,-118.853882,a37eff,DAL1088,1,DAL1088_2025-02-04_leg1,POINT (-118.853882 40.071716)
2025-02-05 00:17:17.620,2025-02-04,16:17:17,34000,364.0,255.9,40.063601,-118.895728,a37eff,DAL1088,1,DAL1088_2025-02-04_leg1,POINT (-118.895728 40.063601)
2025-02-05 00:17:37.510,2025-02-04,16:17:37,33950,365.3,255.7,40.055361,-118.938051,a37eff,DAL1088,1,DAL1088_2025-02-04_leg1,POINT (-118.938051 40.055361)
2025-02-05 00:17:57.470,2025-02-04,16:17:57,33950,365.5,255.6,40.046982,-118.980623,a37eff,DAL1088,1,DAL1088_2025-02-04_leg1,POINT (-118.980623 40.046982)
2025-02-05 00:18:17.280,2025-02-04,16:18:17,33975,366.5,255.6,40.038666,-119.022827,a37eff,DAL1088,1,DAL1088_2025-02-04_leg1,POINT (-119.022827 40.038666)
2025-02-05 00:18:36.800,2025-02-04,16:18:36,33975,367.4,255.7,40.030456,-119.064643,a37eff,DAL1088,1,DAL1088_2025-02-04_leg1,POINT (-119.064643 40.030456)
2025-02-05 00:18:56.550,2025-02-04,16:18:56,33975,368.2,255.9,40.022169,-119.10709,a37eff,DAL1088,1,DAL1088_2025-02-04_leg1,POINT (-119.10709 40.022169)
2025-02-05 00:19:16.100,2025-02-04,16:19:16,34000,367.7,255.5,40.013992,-119.148987,a37eff,DAL1088,1,DAL1088_2025-02-04_leg1,POINT (-119.148987 40.013992)
2025-02-05 00:19:35.990,2025-02-04,16:19:35,33975,367.4,255.7,40.00555,-119.191485,a37eff,DAL1088,1,DAL1088_2025-02-04_leg1,POINT (-119.191485 40.00555)
2025-02-05 00:19:55.440,2025-02-04,16:19:55,33975,370.9,255.5,39.997264,-119.233371,a37eff,DAL1088,1,DAL1088_2025-02-04_leg1,POINT (-119.233371 39.997264)
2025-02-05 00:20:15.230,2025-02-04,16:20:15,34000,375.0,255.5,39.988724,-119.276367,a37eff,DAL1088,1,DAL1088_2025-02-04_leg1,POINT (-119.276367 39.988724)
2025-02-05 00:20:34.910,2025-02-04,16:20:34,34050,373.8,255.6,39.980272,-119.319264,a37eff,DAL1088,1,DAL1088_2025-02-04_leg1,POINT (-119.319264 39.980272)
2025-02-05 00:20:54.830,2025-02-04,16:20:54,34000,365.8,255.4,39.971707,-119.362335,a37eff,DAL1088,1,DAL1088_2025-02-04_leg1,POINT (-119.362335 39.971707)
2025-02-05 00:21:05.430,2025-02-04,16:21:05,34025,364.3,253.9,39.967026,-119.384644,a37eff,DAL1088,1,DAL1088_2025-02-04_leg1,POINT (-119.384644 39.967026)
2025-02-05 00:21:13.620,2025-02-04,16:21:13,34000,365.9,251.5,39.96286,-119.401794,a37eff,DAL1088,1,DAL1088_2025-02-04_leg1,POINT (-119.401794 39.96286)
2025-02-05 00:21:22.680,2025-02-04,16:21:22,34000,367.0,249.6,39.957648,-119.420575,a37eff,DAL1088,1,DAL1088_2025-02-04_leg1,POINT (-119.420575 39.957648)
2025-02-05 00:21:31.130,2025-02-04,16:21:31,33975,369.0,247.5,39.952294,-119.437991,a37eff,DAL1088,1,DAL1088_2025-02-04_leg1,POINT (-119.437991 39.952294)
2025-02-05 00:21:39.570,2025-02-04,16:21:39,33975,372.3,245.2,39.946426,-119.455261,a37eff,DAL1088,1,DAL1088_2025-02-04_leg1,POINT (-119.455261 39.946426)
2025-02-05 00:21:59.220,2025-02-04,16:21:59,33975,375.8,244.8,39.931961,-119.495117,a37eff,DAL1088,1,DAL1088_2025-02-04_leg1,POINT (-119.495117 39.931961)
2025-02-05 00:22:19.080,2025-02-04,16:22:19,34025,370.9,245.0,39.917358,-119.535549,a37eff,DAL1088,1,DAL1088_2025-02-04_leg1,POINT (-119.535549 39.917358)
2025-02-05 00:22:39.030,2025-02-04,16:22:39,34050,368.2,244.8,39.902949,-119.5755,a37eff,DAL1088,1,DAL1088_2025-02-04_leg1,POINT (-119.5755 39.902949)
2025-02-05 00:22:58.860,2025-02-04,16:22:58,34000,368.2,244.8,39.888564,-119.615051,a37eff,DAL1088,1,DAL1088_2025-02-04_leg1,POINT (-119.615051 39.888564)
2025-02-05 00:23:18.470,2025-02-04,16:23:18,34000,368.2,244.8,39.874237,-119.654369,a37eff,DAL1088,1,DAL1088_2025-02-04_leg1,POINT (-119.654369 39.874237)
2025-02-05 00:23:37.950,2025-02-04,16:23:37,34025,368.6,244.6,39.860074,-119.693298,a37eff,DAL1088,1,DAL1088_2025-02-04_leg1,POINT (-119.693298 39.860074)
2025-02-05 00:23:57.650,2025-02-04,16:23:57,34050,367.3,244.7,39.845736,-119.732605,a37eff,DAL1088,1,DAL1088_2025-02-04_leg1,POINT (-119.732605 39.845736)
2025-02-05 00:24:17.590,2025-02-04,16:24:17,34050,364.1,244.6,39.831352,-119.772095,a37eff,DAL1088,1,DAL1088_2025-02-04_leg1,POINT (-119.772095 39.831352)
2025-02-05 00:24:37.470,2025-02-04,16:24:37,33975,364.5,244.5,39.816879,-119.811461,a37eff,DAL1088,1,DAL1088_2025-02-04_leg1,POINT (-119.811461 39.816879)
2025-02-05 00:24:57.170,2025-02-04,16:24:57,33950,366.3,244.6,39.802629,-119.850403,a37eff,DAL1088,1,DAL1088_2025-02-04_leg1,POINT (-119.850403 39.802629)
2025-02-05 00:25:16.760,2025-02-04,16:25:16,34000,367.7,244.6,39.788406,-119.889261,a37eff,DAL1088,1,DAL1088_2025-02-04_leg1,POINT (-119.889261 39.788406)
2025-02-05 00:25:36.500,2025-02-04,16:25:36,34025,365.4,244.6,39.773987,-119.928549,a37eff,DAL1088,1,DAL1088_2025-02-04_leg1,POINT (-119.928549 39.773987)
2025-02-05 00:25:56.280,2025-02-04,16:25:56,34050,362.3,244.5,39.759705,-119.967479,a37eff,DAL1088,1,DAL1088_2025-02-04_leg1,POINT (-119.967479 39.759705)
2025-02-05 00:26:15.890,2025-02-04,16:26:15,33975,362.7,244.4,39.74556,-120.005752,a37eff,DAL1088,1,DAL1088_2025-02-04_leg1,POINT (-120.005752 39.74556)
2025-02-05 00:26:34.960,2025-02-04,16:26:34,33975,365.0,244.4,39.73173,-120.043213,a37eff,DAL1088,1,DAL1088_2025-02-04_leg1,POINT (-120.043213 39.73173)
2025-02-05 00:26:54.840,2025-02-04,16:26:54,34000,366.8,244.5,39.717159,-120.082642,a37eff,DAL1088,1,DAL1088_2025-02-04_leg1,POINT (-120.082642 39.717159)
2025-02-05 00:27:14.620,2025-02-04,16:27:14,34025,363.2,244.6,39.702821,-120.121521,a37eff,DAL1088,1,DAL1088_2025-02-04_leg1,POINT (-120.121521 39.702821)
2025-02-05 00:27:34.120,2025-02-04,16:27:34,34000,361.4,244.4,39.688705,-120.15974,a37eff,DAL1088,1,DAL1088_2025-02-04_leg1,POINT (-120.15974 39.688705)
2025-02-05 00:27:54.100,2025-02-04,16:27:54,34000,360.5,244.4,39.674332,-120.198729,a37eff,DAL1088,1,DAL1088_2025-02-04_leg1,POINT (-120.198729 39.674332)
2025-02-05 00:28:13.880,2025-02-04,16:28:13,34000,360.9,244.2,39.659993,-120.237122,a37eff,DAL1088,1,DAL1088_2025-02-04_leg1,POINT (-120.237122 39.659993)
2025-02-05 00:28:33.680,2025-02-04,16:28:33,34000,362.3,244.1,39.645538,-120.275872,a37eff,DAL1088,1,DAL1088_2025-02-04_leg1,POINT (-120.275872 39.645538)
2025-02-05 00:28:53.680,2025-02-04,16:28:53,34000,361.8,244.3,39.630991,-120.314819,a37eff,DAL1088,1,DAL1088_2025-02-04_leg1,POINT (-120.314819 39.630991)
2025-02-05 00:29:13.390,2025-02-04,16:29:13,34000,363.2,244.2,39.616608,-120.353374,a37eff,DAL1088,1,DAL1088_2025-02-04_leg1,POINT (-120.353374 39.616608)
2025-02-05 00:29:33.370,2025-02-04,16:29:33,34025,364.1,244.3,39.601959,-120.392483,a37eff,DAL1088,1,DAL1088_2025-02-04_leg1,POINT (-120.392483 39.601959)
2025-02-05 00:29:53.200,2025-02-04,16:29:53,34025,363.6,244.1,39.587448,-120.431293,a37eff,DAL1088,1,DAL1088_2025-02-04_leg1,POINT (-120.431293 39.587448)
2025-02-05 00:30:12.970,2025-02-04,16:30:12,34050,361.4,244.1,39.572937,-120.469865,a37eff,DAL1088,1,DAL1088_2025-02-04_leg1,POINT (-120.469865 39.572937)
2025-02-05 00:30:32.640,2025-02-04,16:30:32,34050,359.6,244.3,39.558746,-120.507899,a37eff,DAL1088,1,DAL1088_2025-02-04_leg1,POINT (-120.507899 39.558746)
2025-02-05 00:30:52.070,2025-02-04,16:30:52,34050,356.9,243.7,39.544729,-120.545349,a37eff,DAL1088,1,DAL1088_2025-02-04_leg1,POINT (-120.545349 39.544729)
2025-02-05 00:30:59.390,2025-02-04,16:30:59,34050,357.1,241.2,39.539017,-120.559188,a37eff,DAL1088,1,DAL1088_2025-02-04_leg1,POINT (-120.559188 39.539017)
2025-02-05 00:31:06.810,2025-02-04,16:31:06,34025,356.7,238.8,39.532837,-120.572742,a37eff,DAL1088,1,DAL1088_2025-02-04_leg1,POINT (-120.572742 39.532837)
2025-02-05 00:31:13.460,2025-02-04,16:31:13,34025,356.1,236.2,39.526853,-120.584595,a37eff,DAL1088,1,DAL1088_2025-02-04_leg1,POINT (-120.584595 39.526853)
2025-02-05 00:31:20.820,2025-02-04,16:31:20,34025,356.8,233.6,39.519791,-120.597342,a37eff,DAL1088,1,DAL1088_2025-02-04_leg1,POINT (-120.597342 39.519791)
2025-02-05 00:31:40.350,2025-02-04,16:31:40,34000,354.6,233.5,39.500656,-120.63054,a37eff,DAL1088,1,DAL1088_2025-02-04_leg1,POINT (-120.63054 39.500656)
2025-02-05 00:31:59.980,2025-02-04,16:31:59,33975,353.8,233.4,39.48143,-120.663976,a37eff,DAL1088,1,DAL1088_2025-02-04_leg1,POINT (-120.663976 39.48143)
2025-02-05 00:32:19.930,2025-02-04,16:32:19,33950,353.8,233.4,39.461975,-120.697652,a37eff,DAL1088,1,DAL1088_2025-02-04_leg1,POINT (-120.697652 39.461975)
2025-02-05 00:32:39.440,2025-02-04,16:32:39,33950,354.4,233.3,39.442873,-120.730774,a37eff,DAL1088,1,DAL1088_2025-02-04_leg1,POINT (-120.730774 39.442873)
2025-02-05 00:32:58.880,2025-02-04,16:32:58,34000,357.2,233.2,39.423706,-120.763868,a37eff,DAL1088,1,DAL1088_2025-02-04_leg1,POINT (-120.763868 39.423706)
2025-02-05 00:33:18.860,2025-02-04,16:33:18,34000,363.6,233.2,39.403769,-120.798218,a37eff,DAL1088,1,DAL1088_2025-02-04_leg1,POINT (-120.798218 39.403769)
2025-02-05 00:33:38.660,2025-02-04,16:33:38,34000,369.2,233.0,39.383566,-120.832886,a37eff,DAL1088,1,DAL1088_2025-02-04_leg1,POINT (-120.832886 39.383566)
2025-02-05 00:33:58.630,2025-02-04,16:33:58,34000,373.6,233.2,39.362961,-120.868238,a37eff,DAL1088,1,DAL1088_2025-02-04_leg1,POINT (-120.868238 39.362961)
2025-02-05 00:34:18.620,2025-02-04,16:34:18,34000,376.4,233.1,39.342133,-120.904004,a37eff,DAL1088,1,DAL1088_2025-02-04_leg1,POINT (-120.904004 39.342133)
2025-02-05 00:34:38.470,2025-02-04,16:34:38,34000,378.6,233.2,39.321325,-120.939758,a37eff,DAL1088,1,DAL1088_2025-02-04_leg1,POINT (-120.939758 39.321325)
2025-02-05 00:34:58.340,2025-02-04,16:34:58,34000,377.8,233.1,39.30043,-120.975474,a37eff,DAL1088,1,DAL1088_2025-02-04_leg1,POINT (-120.975474 39.30043)
2025-02-05 00:35:18.130,2025-02-04,16:35:18,34000,377.0,233.0,39.279614,-121.011108,a37eff,DAL1088,1,DAL1088_2025-02-04_leg1,POINT (-121.011108 39.279614)
2025-02-05 00:35:37.990,2025-02-04,16:35:37,34000,375.4,232.8,39.258899,-121.046448,a37eff,DAL1088,1,DAL1088_2025-02-04_leg1,POINT (-121.046448 39.258899)
2025-02-05 00:35:57.560,2025-02-04,16:35:57,34000,373.4,232.9,39.238416,-121.081177,a37eff,DAL1088,1,DAL1088_2025-02-04_leg1,POINT (-121.081177 39.238416)
2025-02-05 00:36:17.230,2025-02-04,16:36:17,34000,371.4,233.1,39.217979,-121.116028,a37eff,DAL1088,1,DAL1088_2025-02-04_leg1,POINT (-121.116028 39.217979)
2025-02-05 00:36:37.030,2025-02-04,16:36:37,34000,370.6,233.0,39.197543,-121.15094,a37eff,DAL1088,1,DAL1088_2025-02-04_leg1,POINT (-121.15094 39.197543)
2025-02-05 00:36:56.740,2025-02-04,16:36:56,34000,369.2,233.0,39.177432,-121.185364,a37eff,DAL1088,1,DAL1088_2025-02-04_leg1,POINT (-121.185364 39.177432)
2025-02-05 00:37:16.120,2025-02-04,16:37:16,34000,367.0,233.0,39.157461,-121.219482,a37eff,DAL1088,1,DAL1088_2025-02-04_leg1,POINT (-121.219482 39.157461)
2025-02-05 00:37:36.060,2025-02-04,16:37:36,34000,366.2,232.9,39.137118,-121.254028,a37eff,DAL1088,1,DAL1088_2025-02-04_leg1,POINT (-121.254028 39.137118)
2025-02-05 00:37:55.920,2025-02-04,16:37:55,33950,366.8,232.8,39.116776,-121.288525,a37eff,DAL1088,1,DAL1088_2025-02-04_leg1,POINT (-121.288525 39.116776)
2025-02-05 00:38:15.860,2025-02-04,16:38:15,33950,368.4,232.9,39.096222,-121.323275,a37eff,DAL1088,1,DAL1088_2025-02-04_leg1,POINT (-121.323275 39.096222)
2025-02-05 00:38:35.300,2025-02-04,16:38:35,33975,367.6,232.9,39.076355,-121.35707,a37eff,DAL1088,1,DAL1088_2025-02-04_leg1,POINT (-121.35707 39.076355)
2025-02-05 00:38:55.150,2025-02-04,16:38:55,34000,366.8,232.8,39.055931,-121.391541,a37eff,DAL1088,1,DAL1088_2025-02-04_leg1,POINT (-121.391541 39.055931)
2025-02-05 00:39:15.050,2025-02-04,16:39:15,34000,366.0,232.7,39.035568,-121.425914,a37eff,DAL1088,1,DAL1088_2025-02-04_leg1,POINT (-121.425914 39.035568)
2025-02-05 00:39:34.830,2025-02-04,16:39:34,34000,365.4,232.8,39.015244,-121.460205,a37eff,DAL1088,1,DAL1088_2025-02-04_leg1,POINT (-121.460205 39.015244)
2025-02-05 00:39:54.680,2025-02-04,16:39:54,34000,365.4,232.8,38.994994,-121.494385,a37eff,DAL1088,1,DAL1088_2025-02-04_leg1,POINT (-121.494385 38.994994)
2025-02-05 00:40:14.280,2025-02-04,16:40:14,34000,366.0,232.7,38.974869,-121.528254,a37eff,DAL1088,1,DAL1088_2025-02-04_leg1,POINT (-121.528254 38.974869)
2025-02-05 00:40:33.970,2025-02-04,16:40:33,33975,366.0,232.7,38.95468,-121.562134,a37eff,DAL1088,1,DAL1088_2025-02-04_leg1,POINT (-121.562134 38.95468)
2025-02-05 00:40:53.770,2025-02-04,16:40:53,34000,366.0,232.7,38.934383,-121.596252,a37eff,DAL1088,1,DAL1088_2025-02-04_leg1,POINT (-121.596252 38.934383)
2025-02-05 00:41:13.380,2025-02-04,16:41:13,34000,365.2,232.6,38.914169,-121.630057,a37eff,DAL1088,1,DAL1088_2025-02-04_leg1,POINT (-121.630057 38.914169)
2025-02-05 00:41:32.850,2025-02-04,16:41:32,34000,366.6,232.5,38.894162,-121.663452,a37eff,DAL1088,1,DAL1088_2025-02-04_leg1,POINT (-121.663452 38.894162)
2025-02-05 00:41:52.750,2025-02-04,16:41:52,34000,366.8,232.8,38.873679,-121.697754,a37eff,DAL1088,1,DAL1088_2025-02-04_leg1,POINT (-121.697754 38.873679)
2025-02-05 00:42:12.620,2025-02-04,16:42:12,34025,366.8,232.8,38.853196,-121.732117,a37eff,DAL1088,1,DAL1088_2025-02-04_leg1,POINT (-121.732117 38.853196)
2025-02-05 00:42:32.610,2025-02-04,16:42:32,34025,367.4,232.6,38.832642,-121.76661,a37eff,DAL1088,1,DAL1088_2025-02-04_leg1,POINT (-121.76661 38.832642)
2025-02-05 00:42:52.560,2025-02-04,16:42:52,34025,365.2,232.6,38.81209,-121.800903,a37eff,DAL1088,1,DAL1088_2025-02-04_leg1,POINT (-121.800903 38.81209)
2025-02-05 00:43:12.380,2025-02-04,16:43:12,34025,365.2,232.6,38.791794,-121.834778,a37eff,DAL1088,1,DAL1088_2025-02-04_leg1,POINT (-121.834778 38.791794)
2025-02-05 00:43:32.150,2025-02-04,16:43:32,34000,365.2,232.6,38.77145,-121.868713,a37eff,DAL1088,1,DAL1088_2025-02-04_leg1,POINT (-121.868713 38.77145)
2025-02-05 00:43:52.140,2025-02-04,16:43:52,34000,366.6,232.5,38.750828,-121.903076,a37eff,DAL1088,1,DAL1088_2025-02-04_leg1,POINT (-121.903076 38.750828)
2025-02-05 00:44:11.870,2025-02-04,16:44:11,34025,366.6,232.5,38.730484,-121.936951,a37eff,DAL1088,1,DAL1088_2025-02-04_leg1,POINT (-121.936951 38.730484)
2025-02-05 00:44:31.420,2025-02-04,16:44:31,34000,365.8,232.4,38.710327,-121.970454,a37eff,DAL1088,1,DAL1088_2025-02-04_leg1,POINT (-121.970454 38.710327)
2025-02-05 00:44:51.190,2025-02-04,16:44:51,34000,365.8,232.4,38.689865,-122.004308,a37eff,DAL1088,1,DAL1088_2025-02-04_leg1,POINT (-122.004308 38.689865)
2025-02-05 00:45:10.910,2025-02-04,16:45:10,34000,366.6,232.5,38.669594,-122.038025,a37eff,DAL1088,1,DAL1088_2025-02-04_leg1,POINT (-122.038025 38.669594)
2025-02-05 00:45:30.550,2025-02-04,16:45:30,34025,366.4,232.3,38.649204,-122.071777,a37eff,DAL1088,1,DAL1088_2025-02-04_leg1,POINT (-122.071777 38.649204)
2025-02-05 00:45:50.140,2025-02-04,16:45:50,34025,366.4,232.3,38.628937,-122.105275,a37eff,DAL1088,1,DAL1088_2025-02-04_leg1,POINT (-122.105275 38.628937)
2025-02-05 00:46:10.040,2025-02-04,16:46:10,34025,364.2,232.2,38.608378,-122.139282,a37eff,DAL1088,1,DAL1088_2025-02-04_leg1,POINT (-122.139282 38.608378)
2025-02-05 00:46:29.750,2025-02-04,16:46:29,34000,362.8,232.3,38.588128,-122.172668,a37eff,DAL1088,1,DAL1088_2025-02-04_leg1,POINT (-122.172668 38.588128)
2025-02-05 00:46:46.130,2025-02-04,16:46:46,33750,362.1,232.2,38.571322,-122.200378,a37eff,DAL1088,1,DAL1088_2025-02-04_leg1,POINT (-122.200378 38.571322)
2025-02-05 00:47:03.770,2025-02-04,16:47:03,33500,363.5,232.1,38.553131,-122.230125,a37eff,DAL1088,1,DAL1088_2025-02-04_leg1,POINT (-122.230125 38.553131)
2025-02-05 00:47:19.820,2025-02-04,16:47:19,33250,367.0,232.2,38.536514,-122.257352,a37eff,DAL1088,1,DAL1088_2025-02-04_leg1,POINT (-122.257352 38.536514)
2025-02-05 00:47:35.570,2025-02-04,16:47:35,32975,370.2,232.6,38.520115,-122.284363,a37eff,DAL1088,1,DAL1088_2025-02-04_leg1,POINT (-122.284363 38.520115)
2025-02-05 00:47:51.620,2025-02-04,16:47:51,32725,375.0,232.4,38.503281,-122.312284,a37eff,DAL1088,1,DAL1088_2025-02-04_leg1,POINT (-122.312284 38.503281)
2025-02-05 00:48:06.260,2025-02-04,16:48:06,32450,380.0,232.4,38.487668,-122.338074,a37eff,DAL1088,1,DAL1088_2025-02-04_leg1,POINT (-122.338074 38.487668)
2025-02-05 00:48:21.900,2025-02-04,16:48:21,32175,386.4,232.4,38.470688,-122.366021,a37eff,DAL1088,1,DAL1088_2025-02-04_leg1,POINT (-122.366021 38.470688)
2025-02-05 00:48:36.610,2025-02-04,16:48:36,31900,392.7,232.1,38.454437,-122.392711,a37eff,DAL1088,1,DAL1088_2025-02-04_leg1,POINT (-122.392711 38.454437)
2025-02-05 00:48:51.530,2025-02-04,16:48:51,31625,396.9,232.1,38.437729,-122.420057,a37eff,DAL1088,1,DAL1088_2025-02-04_leg1,POINT (-122.420057 38.437729)
2025-02-05 00:49:07.380,2025-02-04,16:49:07,31350,399.7,232.0,38.419693,-122.449434,a37eff,DAL1088,1,DAL1088_2025-02-04_leg1,POINT (-122.449434 38.419693)
2025-02-05 00:49:14.100,2025-02-04,16:49:14,31150,401.1,232.0,38.412048,-122.461853,a37eff,DAL1088,1,DAL1088_2025-02-04_leg1,POINT (-122.461853 38.412048)
2025-02-05 00:49:20.700,2025-02-04,16:49:20,30900,402.7,232.2,38.404495,-122.474183,a37eff,DAL1088,1,DAL1088_2025-02-04_leg1,POINT (-122.474183 38.404495)
2025-02-05 00:49:29.350,2025-02-04,16:49:29,30500,401.3,232.2,38.39461,-122.490334,a37eff,DAL1088,1,DAL1088_2025-02-04_leg1,POINT (-122.490334 38.39461)
2025-02-05 00:49:37.890,2025-02-04,16:49:37,30100,399.9,232.2,38.384903,-122.506207,a37eff,DAL1088,1,DAL1088_2025-02-04_leg1,POINT (-122.506207 38.384903)
2025-02-05 00:49:45.250,2025-02-04,16:49:45,29700,399.1,232.1,38.376594,-122.51977,a37eff,DAL1088,1,DAL1088_2025-02-04_leg1,POINT (-122.51977 38.376594)
2025-02-05 00:49:51.390,2025-02-04,16:49:51,29300,398.3,232.0,38.369614,-122.53116,a37eff,DAL1088,1,DAL1088_2025-02-04_leg1,POINT (-122.53116 38.369614)
2025-02-05 00:49:57.220,2025-02-04,16:49:57,28900,399.1,232.1,38.363001,-122.541982,a37eff,DAL1088,1,DAL1088_2025-02-04_leg1,POINT (-122.541982 38.363001)
2025-02-05 00:50:02.760,2025-02-04,16:50:02,28500,401.1,232.0,38.356716,-122.552132,a37eff,DAL1088,1,DAL1088_2025-02-04_leg1,POINT (-122.552132 38.356716)
2025-02-05 00:50:07.710,2025-02-04,16:50:07,28125,401.9,232.1,38.351074,-122.561373,a37eff,DAL1088,1,DAL1088_2025-02-04_leg1,POINT (-122.561373 38.351074)
2025-02-05 00:50:12.660,2025-02-04,16:50:12,27725,404.1,232.1,38.345404,-122.570642,a37eff,DAL1088,1,DAL1088_2025-02-04_leg1,POINT (-122.570642 38.345404)
2025-02-05 00:50:17.240,2025-02-04,16:50:17,27350,406.3,232.2,38.340179,-122.579196,a37eff,DAL1088,1,DAL1088_2025-02-04_leg1,POINT (-122.579196 38.340179)
2025-02-05 00:50:22.010,2025-02-04,16:50:22,26950,408.3,232.1,38.334595,-122.588254,a37eff,DAL1088,1,DAL1088_2025-02-04_leg1,POINT (-122.588254 38.334595)
2025-02-05 00:50:26.800,2025-02-04,16:50:26,26575,410.3,231.9,38.329064,-122.597271,a37eff,DAL1088,1,DAL1088_2025-02-04_leg1,POINT (-122.597271 38.329064)
2025-02-05 00:50:31.270,2025-02-04,16:50:31,26200,411.7,231.9,38.323804,-122.60581,a37eff,DAL1088,1,DAL1088_2025-02-04_leg1,POINT (-122.60581 38.323804)
2025-02-05 00:50:36.470,2025-02-04,16:50:36,25800,413.1,231.9,38.317659,-122.615721,a37eff,DAL1088,1,DAL1088_2025-02-04_leg1,POINT (-122.615721 38.317659)
2025-02-05 00:50:41.500,2025-02-04,16:50:41,25400,414.3,231.7,38.311661,-122.625362,a37eff,DAL1088,1,DAL1088_2025-02-04_leg1,POINT (-122.625362 38.311661)
2025-02-05 00:50:46.470,2025-02-04,16:50:46,25000,415.1,231.8,38.305742,-122.634828,a37eff,DAL1088,1,DAL1088_2025-02-04_leg1,POINT (-122.634828 38.305742)
2025-02-05 00:50:47.880,2025-02-04,16:50:47,24900,415.1,231.8,38.304016,-122.637634,a37eff,DAL1088,1,DAL1088_2025-02-04_leg1,POINT (-122.637634 38.304016)
2025-02-05 00:50:49.840,2025-02-04,16:50:49,24800,415.1,231.8,38.301692,-122.641396,a37eff,DAL1088,1,DAL1088_2025-02-04_leg1,POINT (-122.641396 38.301692)
2025-02-05 00:50:51.810,2025-02-04,16:50:51,24675,415.1,231.8,38.299393,-122.645114,a37eff,DAL1088,1,DAL1088_2025-02-04_leg1,POINT (-122.645114 38.299393)
2025-02-05 00:50:53.500,2025-02-04,16:50:53,24600,414.5,231.9,38.297379,-122.648328,a37eff,DAL1088,1,DAL1088_2025-02-04_leg1,POINT (-122.648328 38.297379)
2025-02-05 00:50:56.080,2025-02-04,16:50:56,24500,412.3,231.8,38.294383,-122.653218,a37eff,DAL1088,1,DAL1088_2025-02-04_leg1,POINT (-122.653218 38.294383)
2025-02-05 00:51:02.370,2025-02-04,16:51:02,24275,403.9,231.9,38.287028,-122.66504,a37eff,DAL1088,1,DAL1088_2025-02-04_leg1,POINT (-122.66504 38.287028)
2025-02-05 00:51:07.510,2025-02-04,16:51:07,24125,395.5,232.1,38.281174,-122.674509,a37eff,DAL1088,1,DAL1088_2025-02-04_leg1,POINT (-122.674509 38.281174)
2025-02-05 00:51:12.020,2025-02-04,16:51:12,24050,386.3,232.1,38.276184,-122.682631,a37eff,DAL1088,1,DAL1088_2025-02-04_leg1,POINT (-122.682631 38.276184)
2025-02-05 00:51:17.620,2025-02-04,16:51:17,23925,377.7,232.1,38.270129,-122.692566,a37eff,DAL1088,1,DAL1088_2025-02-04_leg1,POINT (-122.692566 38.270129)
2025-02-05 00:51:23.510,2025-02-04,16:51:23,23800,367.8,232.3,38.263962,-122.702617,a37eff,DAL1088,1,DAL1088_2025-02-04_leg1,POINT (-122.702617 38.263962)
2025-02-05 00:51:29.540,2025-02-04,16:51:29,23650,358.1,231.7,38.257746,-122.712688,a37eff,DAL1088,1,DAL1088_2025-02-04_leg1,POINT (-122.712688 38.257746)
2025-02-05 00:51:34.690,2025-02-04,16:51:34,23525,350.5,227.9,38.252243,-122.720733,a37eff,DAL1088,1,DAL1088_2025-02-04_leg1,POINT (-122.720733 38.252243)
2025-02-05 00:51:38.640,2025-02-04,16:51:38,23425,345.1,224.1,38.247738,-122.726361,a37eff,DAL1088,1,DAL1088_2025-02-04_leg1,POINT (-122.726361 38.247738)
2025-02-05 00:51:42.820,2025-02-04,16:51:42,23350,338.8,219.6,38.242813,-122.731778,a37eff,DAL1088,1,DAL1088_2025-02-04_leg1,POINT (-122.731778 38.242813)
2025-02-05 00:51:47.300,2025-02-04,16:51:47,23225,334.7,215.6,38.237228,-122.737096,a37eff,DAL1088,1,DAL1088_2025-02-04_leg1,POINT (-122.737096 38.237228)
2025-02-05 00:51:51.720,2025-02-04,16:51:51,23150,333.1,211.5,38.231537,-122.741646,a37eff,DAL1088,1,DAL1088_2025-02-04_leg1,POINT (-122.741646 38.231537)
2025-02-05 00:51:55.620,2025-02-04,16:51:55,23100,331.4,207.1,38.226196,-122.745218,a37eff,DAL1088,1,DAL1088_2025-02-04_leg1,POINT (-122.745218 38.226196)
2025-02-05 00:51:58.690,2025-02-04,16:51:58,23075,332.7,203.6,38.221802,-122.747673,a37eff,DAL1088,1,DAL1088_2025-02-04_leg1,POINT (-122.747673 38.221802)
2025-02-05 00:52:02.260,2025-02-04,16:52:02,23050,336.5,199.1,38.216641,-122.750065,a37eff,DAL1088,1,DAL1088_2025-02-04_leg1,POINT (-122.750065 38.216641)
2025-02-05 00:52:06.150,2025-02-04,16:52:06,23025,340.9,195.8,38.210729,-122.752155,a37eff,DAL1088,1,DAL1088_2025-02-04_leg1,POINT (-122.752155 38.210729)
2025-02-05 00:52:09.260,2025-02-04,16:52:09,23000,345.8,191.3,38.205841,-122.753468,a37eff,DAL1088,1,DAL1088_2025-02-04_leg1,POINT (-122.753468 38.205841)
2025-02-05 00:52:13.190,2025-02-04,16:52:13,22975,351.3,186.5,38.199509,-122.754569,a37eff,DAL1088,1,DAL1088_2025-02-04_leg1,POINT (-122.754569 38.199509)
2025-02-05 00:52:17.250,2025-02-04,16:52:17,22950,356.2,181.8,38.192852,-122.754961,a37eff,DAL1088,1,DAL1088_2025-02-04_leg1,POINT (-122.754961 38.192852)
2025-02-05 00:52:18.820,2025-02-04,16:52:18,22925,359.0,179.5,38.190308,-122.754978,a37eff,DAL1088,1,DAL1088_2025-02-04_leg1,POINT (-122.754978 38.190308)
2025-02-05 00:52:19.910,2025-02-04,16:52:19,22900,361.1,178.4,38.188431,-122.754861,a37eff,DAL1088,1,DAL1088_2025-02-04_leg1,POINT (-122.754861 38.188431)
2025-02-05 00:52:21.530,2025-02-04,16:52:21,22850,362.4,177.3,38.185683,-122.754663,a37eff,DAL1088,1,DAL1088_2025-02-04_leg1,POINT (-122.754663 38.185683)
2025-02-05 00:52:22.950,2025-02-04,16:52:22,22800,363.8,176.2,38.183309,-122.754424,a37eff,DAL1088,1,DAL1088_2025-02-04_leg1,POINT (-122.754424 38.183309)
2025-02-05 00:52:23.530,2025-02-04,16:52:23,22750,364.4,175.0,38.182332,-122.754245,a37eff,DAL1088,1,DAL1088_2025-02-04_leg1,POINT (-122.754245 38.182332)
2025-02-05 00:52:24.470,2025-02-04,16:52:24,22725,366.1,173.9,38.18074,-122.754043,a37eff,DAL1088,1,DAL1088_2025-02-04_leg1,POINT (-122.754043 38.18074)
2025-02-05 00:52:25.550,2025-02-04,16:52:25,22650,366.8,172.9,38.178933,-122.753707,a37eff,DAL1088,1,DAL1088_2025-02-04_leg1,POINT (-122.753707 38.178933)
2025-02-05 00:52:27.110,2025-02-04,16:52:27,22575,368.1,171.4,38.176346,-122.753224,a37eff,DAL1088,1,DAL1088_2025-02-04_leg1,POINT (-122.753224 38.176346)
2025-02-05 00:52:28.840,2025-02-04,16:52:28,22450,368.8,170.8,38.173394,-122.752573,a37eff,DAL1088,1,DAL1088_2025-02-04_leg1,POINT (-122.752573 38.173394)
2025-02-05 00:52:30.360,2025-02-04,16:52:30,22350,369.6,170.0,38.17088,-122.752035,a37eff,DAL1088,1,DAL1088_2025-02-04_leg1,POINT (-122.752035 38.17088)
2025-02-05 00:52:31.950,2025-02-04,16:52:31,22225,369.3,169.4,38.16818,-122.751379,a37eff,DAL1088,1,DAL1088_2025-02-04_leg1,POINT (-122.751379 38.16818)
2025-02-05 00:52:34.550,2025-02-04,16:52:34,22025,370.1,168.8,38.163804,-122.750304,a37eff,DAL1088,1,DAL1088_2025-02-04_leg1,POINT (-122.750304 38.163804)
2025-02-05 00:52:39.100,2025-02-04,16:52:39,21650,372.7,167.6,38.156158,-122.748199,a37eff,DAL1088,1,DAL1088_2025-02-04_leg1,POINT (-122.748199 38.156158)
2025-02-05 00:52:41.560,2025-02-04,16:52:41,21450,374.3,167.2,38.15198,-122.74702,a37eff,DAL1088,1,DAL1088_2025-02-04_leg1,POINT (-122.74702 38.15198)
2025-02-05 00:52:43.470,2025-02-04,16:52:43,21325,375.7,166.9,38.148768,-122.746065,a37eff,DAL1088,1,DAL1088_2025-02-04_leg1,POINT (-122.746065 38.148768)
2025-02-05 00:52:45.280,2025-02-04,16:52:45,21225,377.2,166.7,38.14563,-122.745102,a37eff,DAL1088,1,DAL1088_2025-02-04_leg1,POINT (-122.745102 38.14563)
2025-02-05 00:52:46.260,2025-02-04,16:52:46,21175,378.1,166.7,38.144019,-122.744632,a37eff,DAL1088,1,DAL1088_2025-02-04_leg1,POINT (-122.744632 38.144019)
2025-02-05 00:52:48.200,2025-02-04,16:52:48,21075,378.6,166.4,38.140686,-122.743641,a37eff,DAL1088,1,DAL1088_2025-02-04_leg1,POINT (-122.743641 38.140686)
2025-02-05 00:52:49.880,2025-02-04,16:52:49,21000,378.6,166.4,38.137874,-122.742781,a37eff,DAL1088,1,DAL1088_2025-02-04_leg1,POINT (-122.742781 38.137874)
2025-02-05 00:52:52.380,2025-02-04,16:52:52,20900,377.9,166.2,38.133545,-122.74142,a37eff,DAL1088,1,DAL1088_2025-02-04_leg1,POINT (-122.74142 38.133545)
2025-02-05 00:52:58.210,2025-02-04,16:52:58,20725,371.8,166.1,38.123795,-122.738381,a37eff,DAL1088,1,DAL1088_2025-02-04_leg1,POINT (-122.738381 38.123795)
2025-02-05 00:53:00.690,2025-02-04,16:53:00,20600,368.9,166.0,38.119629,-122.737096,a37eff,DAL1088,1,DAL1088_2025-02-04_leg1,POINT (-122.737096 38.119629)
2025-02-05 00:53:08.640,2025-02-04,16:53:08,20200,364.3,166.4,38.106545,-122.732988,a37eff,DAL1088,1,DAL1088_2025-02-04_leg1,POINT (-122.732988 38.106545)
2025-02-05 00:53:12.210,2025-02-04,16:53:12,20000,363.1,166.5,38.100679,-122.731197,a37eff,DAL1088,1,DAL1088_2025-02-04_leg1,POINT (-122.731197 38.100679)
2025-02-05 00:53:20.920,2025-02-04,16:53:20,19625,356.6,166.7,38.08667,-122.726986,a37eff,DAL1088,1,DAL1088_2025-02-04_leg1,POINT (-122.726986 38.08667)
2025-02-05 00:53:31.330,2025-02-04,16:53:31,19225,350.0,167.0,38.070048,-122.722122,a37eff,DAL1088,1,DAL1088_2025-02-04_leg1,POINT (-122.722122 38.070048)
2025-02-05 00:53:42.160,2025-02-04,16:53:42,18850,348.8,167.1,38.05301,-122.717106,a37eff,DAL1088,1,DAL1088_2025-02-04_leg1,POINT (-122.717106 38.05301)
2025-02-05 00:53:53.110,2025-02-04,16:53:53,18450,346.9,167.0,38.035812,-122.712084,a37eff,DAL1088,1,DAL1088_2025-02-04_leg1,POINT (-122.712084 38.035812)
2025-02-05 00:54:03.570,2025-02-04,16:54:03,18100,346.9,167.0,38.019562,-122.707351,a37eff,DAL1088,1,DAL1088_2025-02-04_leg1,POINT (-122.707351 38.019562)
2025-02-05 00:54:17.130,2025-02-04,16:54:17,17775,347.4,167.4,37.998218,-122.701164,a37eff,DAL1088,1,DAL1088_2025-02-04_leg1,POINT (-122.701164 37.998218)
2025-02-05 00:54:27.720,2025-02-04,16:54:27,17375,347.4,167.4,37.981552,-122.696507,a37eff,DAL1088,1,DAL1088_2025-02-04_leg1,POINT (-122.696507 37.981552)
2025-02-05 00:54:35.020,2025-02-04,16:54:35,17125,345.5,167.3,37.970147,-122.693223,a37eff,DAL1088,1,DAL1088_2025-02-04_leg1,POINT (-122.693223 37.970147)
2025-02-05 00:54:44.930,2025-02-04,16:54:44,16725,344.7,167.1,37.954834,-122.688826,a37eff,DAL1088,1,DAL1088_2025-02-04_leg1,POINT (-122.688826 37.954834)
2025-02-05 00:54:48.930,2025-02-04,16:54:48,16550,343.7,167.1,37.948546,-122.687013,a37eff,DAL1088,1,DAL1088_2025-02-04_leg1,POINT (-122.687013 37.948546)
2025-02-05 00:55:00.750,2025-02-04,16:55:00,16175,339.8,166.9,37.930344,-122.681699,a37eff,DAL1088,1,DAL1088_2025-02-04_leg1,POINT (-122.681699 37.930344)
2025-02-05 00:55:10.210,2025-02-04,16:55:10,15800,341.5,165.1,37.915833,-122.677314,a37eff,DAL1088,1,DAL1088_2025-02-04_leg1,POINT (-122.677314 37.915833)
2025-02-05 00:55:14.150,2025-02-04,16:55:14,15675,343.8,160.5,37.909861,-122.674833,a37eff,DAL1088,1,DAL1088_2025-02-04_leg1,POINT (-122.674833 37.909861)
2025-02-05 00:55:18.010,2025-02-04,16:55:18,15575,345.2,156.3,37.904205,-122.671879,a37eff,DAL1088,1,DAL1088_2025-02-04_leg1,POINT (-122.671879 37.904205)
2025-02-05 00:55:22.170,2025-02-04,16:55:22,15450,346.7,152.0,37.898223,-122.668086,a37eff,DAL1088,1,DAL1088_2025-02-04_leg1,POINT (-122.668086 37.898223)
2025-02-05 00:55:25.710,2025-02-04,16:55:25,15350,349.2,147.0,37.893356,-122.664282,a37eff,DAL1088,1,DAL1088_2025-02-04_leg1,POINT (-122.664282 37.893356)
2025-02-05 00:55:30.360,2025-02-04,16:55:30,15200,350.8,143.2,37.887237,-122.658771,a37eff,DAL1088,1,DAL1088_2025-02-04_leg1,POINT (-122.658771 37.887237)
2025-02-05 00:55:35.230,2025-02-04,16:55:35,15000,347.5,141.8,37.880999,-122.652621,a37eff,DAL1088,1,DAL1088_2025-02-04_leg1,POINT (-122.652621 37.880999)
2025-02-05 00:55:38.620,2025-02-04,16:55:38,14850,346.2,141.0,37.876831,-122.648387,a37eff,DAL1088,1,DAL1088_2025-02-04_leg1,POINT (-122.648387 37.876831)
2025-02-05 00:55:41.760,2025-02-04,16:55:41,14675,345.3,140.6,37.872899,-122.644322,a37eff,DAL1088,1,DAL1088_2025-02-04_leg1,POINT (-122.644322 37.872899)
2025-02-05 00:55:48.420,2025-02-04,16:55:48,14275,345.8,140.3,37.8647,-122.635823,a37eff,DAL1088,1,DAL1088_2025-02-04_leg1,POINT (-122.635823 37.8647)
2025-02-05 00:55:50.510,2025-02-04,16:55:50,14175,345.8,140.3,37.862137,-122.633076,a37eff,DAL1088,1,DAL1088_2025-02-04_leg1,POINT (-122.633076 37.862137)
2025-02-05 00:55:58.520,2025-02-04,16:55:58,13775,345.7,140.1,37.852295,-122.622733,a37eff,DAL1088,1,DAL1088_2025-02-04_leg1,POINT (-122.622733 37.852295)
2025-02-05 00:56:07.820,2025-02-04,16:56:07,13375,347.8,139.9,37.840824,-122.610527,a37eff,DAL1088,1,DAL1088_2025-02-04_leg1,POINT (-122.610527 37.840824)
2025-02-05 00:56:11.380,2025-02-04,16:56:11,13225,347.8,139.9,37.836495,-122.605989,a37eff,DAL1088,1,DAL1088_2025-02-04_leg1,POINT (-122.605989 37.836495)
2025-02-05 00:56:22.320,2025-02-04,16:56:22,12850,345.6,139.8,37.82309,-122.591702,a37eff,DAL1088,1,DAL1088_2025-02-04_leg1,POINT (-122.591702 37.82309)
2025-02-05 00:56:29.350,2025-02-04,16:56:29,12625,344.2,139.8,37.814476,-122.582583,a37eff,DAL1088,1,DAL1088_2025-02-04_leg1,POINT (-122.582583 37.814476)
2025-02-05 00:56:41.200,2025-02-04,16:56:41,12300,339.3,140.0,37.800156,-122.567392,a37eff,DAL1088,1,DAL1088_2025-02-04_leg1,POINT (-122.567392 37.800156)
2025-02-05 00:56:48.690,2025-02-04,16:56:48,12025,338.7,140.1,37.7912,-122.557924,a37eff,DAL1088,1,DAL1088_2025-02-04_leg1,POINT (-122.557924 37.7912)
2025-02-05 00:56:54.790,2025-02-04,16:56:54,11875,335.7,139.9,37.783891,-122.550221,a37eff,DAL1088,1,DAL1088_2025-02-04_leg1,POINT (-122.550221 37.783891)
2025-02-05 00:57:02.490,2025-02-04,16:57:02,11700,332.1,139.9,37.77475,-122.54051,a37eff,DAL1088,1,DAL1088_2025-02-04_leg1,POINT (-122.54051 37.77475)
2025-02-05 00:57:12.550,2025-02-04,16:57:12,11575,324.2,139.6,37.763129,-122.528129,a37eff,DAL1088,1,DAL1088_2025-02-04_leg1,POINT (-122.528129 37.763129)
2025-02-05 00:57:23.060,2025-02-04,16:57:23,11425,315.1,139.9,37.751304,-122.515531,a37eff,DAL1088,1,DAL1088_2025-02-04_leg1,POINT (-122.515531 37.751304)
2025-02-05 00:57:33.090,2025-02-04,16:57:33,11300,308.1,140.0,37.740234,-122.503811,a37eff,DAL1088,1,DAL1088_2025-02-04_leg1,POINT (-122.503811 37.740234)
2025-02-05 00:57:43.620,2025-02-04,16:57:43,11250,298.8,140.0,37.728973,-122.49189,a37eff,DAL1088,1,DAL1088_2025-02-04_leg1,POINT (-122.49189 37.728973)
2025-02-05 00:58:03.220,2025-02-04,16:58:03,11250,289.6,140.0,37.708523,-122.470332,a37eff,DAL1088,1,DAL1088_2025-02-04_leg1,POINT (-122.470332 37.708523)
2025-02-05 00:58:22.740,2025-02-04,16:58:22,11250,289.0,140.2,37.688552,-122.449255,a37eff,DAL1088,1,DAL1088_2025-02-04_leg1,POINT (-122.449255 37.688552)
2025-02-05 00:58:42.330,2025-02-04,16:58:42,11250,290.9,139.7,37.668411,-122.428017,a37eff,DAL1088,1,DAL1088_2025-02-04_leg1,POINT (-122.428017 37.668411)
2025-02-05 00:58:53.350,2025-02-04,16:58:53,11225,281.6,139.5,37.657222,-122.416057,a37eff,DAL1088,1,DAL1088_2025-02-04_leg1,POINT (-122.416057 37.657222)
2025-02-05 00:59:01.120,2025-02-04,16:59:01,11250,273.0,139.3,37.649689,-122.407973,a37eff,DAL1088,1,DAL1088_2025-02-04_leg1,POINT (-122.407973 37.649689)
2025-02-05 00:59:09.460,2025-02-04,16:59:09,11250,263.8,139.3,37.64186,-122.399518,a37eff,DAL1088,1,DAL1088_2025-02-04_leg1,POINT (-122.399518 37.64186)
2025-02-05 00:59:18.980,2025-02-04,16:59:18,11250,254.7,139.6,37.633248,-122.390263,a37eff,DAL1088,1,DAL1088_2025-02-04_leg1,POINT (-122.390263 37.633248)
2025-02-05 00:59:25.220,2025-02-04,16:59:25,11225,249.8,139.9,37.627716,-122.384364,a37eff,DAL1088,1,DAL1088_2025-02-04_leg1,POINT (-122.384364 37.627716)
2025-02-05 00:59:32.890,2025-02-04,16:59:32,11125,245.7,140.3,37.621005,-122.377246,a37eff,DAL1088,1,DAL1088_2025-02-04_leg1,POINT (-122.377246 37.621005)
2025-02-05 00:59:36.800,2025-02-04,16:59:36,11025,242.6,142.7,37.617513,-122.373903,a37eff,DAL1088,1,DAL1088_2025-02-04_leg1,POINT (-122.373903 37.617513)
2025-02-05 00:59:40.010,2025-02-04,16:59:40,10950,238.1,148.1,37.614487,-122.371391,a37eff,DAL1088,1,DAL1088_2025-02-04_leg1,POINT (-122.371391 37.614487)
2025-02-05 00:59:43.540,2025-02-04,16:59:43,10850,233.4,153.5,37.611089,-122.369126,a37eff,DAL1088,1,DAL1088_2025-02-04_leg1,POINT (-122.369126 37.611089)
2025-02-05 00:59:47.510,2025-02-04,16:59:47,10750,230.5,157.6,37.607208,-122.367008,a37eff,DAL1088,1,DAL1088_2025-02-04_leg1,POINT (-122.367008 37.607208)
2025-02-05 00:59:52.510,2025-02-04,16:59:52,10625,228.7,160.1,37.602219,-122.364671,a37eff,DAL1088,1,DAL1088_2025-02-04_leg1,POINT (-122.364671 37.602219)
2025-02-05 00:59:56.970,2025-02-04,16:59:56,10550,230.2,156.4,37.597868,-122.362439,a37eff,DAL1088,1,DAL1088_2025-02-04_leg1,POINT (-122.362439 37.597868)
2025-02-05 01:00:03.580,2025-02-04,17:00:03,10425,230.3,153.4,37.591537,-122.358617,a37eff,DAL1088,1,DAL1088_2025-02-04_leg1,POINT (-122.358617 37.591537)
2025-02-05 01:00:11.590,2025-02-04,17:00:11,10250,229.0,153.0,37.583908,-122.353743,a37eff,DAL1088,1,DAL1088_2025-02-04_leg1,POINT (-122.353743 37.583908)
2025-02-05 01:00:18.780,2025-02-04,17:00:18,10075,229.4,153.3,37.577106,-122.349422,a37eff,DAL1088,1,DAL1088_2025-02-04_leg1,POINT (-122.349422 37.577106)
2025-02-05 01:00:26.140,2025-02-04,17:00:26,9875,229.9,153.7,37.570077,-122.345064,a37eff,DAL1088,1,DAL1088_2025-02-04_leg1,POINT (-122.345064 37.570077)
2025-02-05 01:00:33.210,2025-02-04,17:00:33,9675,229.4,153.9,37.563354,-122.340887,a37eff,DAL1088,1,DAL1088_2025-02-04_leg1,POINT (-122.340887 37.563354)
2025-02-05 01:00:40.630,2025-02-04,17:00:40,9500,230.3,154.0,37.556259,-122.336504,a37eff,DAL1088,1,DAL1088_2025-02-04_leg1,POINT (-122.336504 37.556259)
2025-02-05 01:00:47.070,2025-02-04,17:00:47,9375,229.4,153.9,37.550106,-122.332764,a37eff,DAL1088,1,DAL1088_2025-02-04_leg1,POINT (-122.332764 37.550106)
2025-02-05 01:00:52.270,2025-02-04,17:00:52,9300,227.2,153.9,37.545171,-122.329719,a37eff,DAL1088,1,DAL1088_2025-02-04_leg1,POINT (-122.329719 37.545171)
2025-02-05 01:01:08.560,2025-02-04,17:01:08,9250,229.4,153.9,37.529716,-122.320165,a37eff,DAL1088,1,DAL1088_2025-02-04_leg1,POINT (-122.320165 37.529716)
2025-02-05 01:01:28.320,2025-02-04,17:01:28,9250,233.9,153.9,37.510676,-122.308522,a37eff,DAL1088,1,DAL1088_2025-02-04_leg1,POINT (-122.308522 37.510676)
2025-02-05 01:01:43.640,2025-02-04,17:01:43,9250,235.7,154.6,37.495593,-122.299387,a37eff,DAL1088,1,DAL1088_2025-02-04_leg1,POINT (-122.299387 37.495593)
2025-02-05 01:01:47.300,2025-02-04,17:01:47,9225,232.3,159.1,37.492009,-122.297536,a37eff,DAL1088,1,DAL1088_2025-02-04_leg1,POINT (-122.297536 37.492009)
2025-02-05 01:01:50.200,2025-02-04,17:01:50,9225,228.6,164.3,37.489014,-122.296415,a37eff,DAL1088,1,DAL1088_2025-02-04_leg1,POINT (-122.296415 37.489014)
2025-02-05 01:01:53.830,2025-02-04,17:01:53,9175,224.6,169.7,37.485352,-122.295539,a37eff,DAL1088,1,DAL1088_2025-02-04_leg1,POINT (-122.295539 37.485352)
2025-02-05 01:01:56.390,2025-02-04,17:01:56,9150,220.7,175.3,37.482697,-122.295305,a37eff,DAL1088,1,DAL1088_2025-02-04_leg1,POINT (-122.295305 37.482697)
2025-02-05 01:01:59.890,2025-02-04,17:01:59,9100,216.0,180.8,37.479172,-122.295247,a37eff,DAL1088,1,DAL1088_2025-02-04_leg1,POINT (-122.295247 37.479172)
2025-02-05 01:02:05.320,2025-02-04,17:02:05,9050,211.6,184.3,37.473862,-122.295656,a37eff,DAL1088,1,DAL1088_2025-02-04_leg1,POINT (-122.295656 37.473862)
2025-02-05 01:02:09.910,2025-02-04,17:02:09,9000,209.0,185.5,37.469421,-122.296123,a37eff,DAL1088,1,DAL1088_2025-02-04_leg1,POINT (-122.296123 37.469421)
2025-02-05 01:02:17.360,2025-02-04,17:02:17,8825,205.3,186.4,37.462308,-122.297118,a37eff,DAL1088,1,DAL1088_2025-02-04_leg1,POINT (-122.297118 37.462308)
2025-02-05 01:02:24.630,2025-02-04,17:02:24,8650,203.4,186.8,37.455465,-122.298133,a37eff,DAL1088,1,DAL1088_2025-02-04_leg1,POINT (-122.298133 37.455465)
2025-02-05 01:02:31.980,2025-02-04,17:02:31,8475,200.4,186.9,37.448668,-122.299148,a37eff,DAL1088,1,DAL1088_2025-02-04_leg1,POINT (-122.299148 37.448668)
2025-02-05 01:02:38.470,2025-02-04,17:02:38,8350,196.5,187.0,37.442756,-122.300044,a37eff,DAL1088,1,DAL1088_2025-02-04_leg1,POINT (-122.300044 37.442756)
2025-02-05 01:02:44.060,2025-02-04,17:02:44,8325,194.4,186.8,37.437729,-122.30082,a37eff,DAL1088,1,DAL1088_2025-02-04_leg1,POINT (-122.30082 37.437729)
2025-02-05 01:03:01.190,2025-02-04,17:03:01,8250,193.3,186.5,37.422363,-122.303019,a37eff,DAL1088,1,DAL1088_2025-02-04_leg1,POINT (-122.303019 37.422363)
2025-02-05 01:03:20.890,2025-02-04,17:03:20,8250,191.5,187.2,37.404831,-122.305648,a37eff,DAL1088,1,DAL1088_2025-02-04_leg1,POINT (-122.305648 37.404831)
2025-02-05 01:03:28.140,2025-02-04,17:03:28,8250,191.6,184.5,37.398514,-122.306525,a37eff,DAL1088,1,DAL1088_2025-02-04_leg1,POINT (-122.306525 37.398514)
2025-02-05 01:03:31.090,2025-02-04,17:03:31,8225,194.0,179.4,37.395813,-122.306583,a37eff,DAL1088,1,DAL1088_2025-02-04_leg1,POINT (-122.306583 37.395813)
2025-02-05 01:03:34.190,2025-02-04,17:03:34,8200,197.5,173.0,37.393021,-122.306233,a37eff,DAL1088,1,DAL1088_2025-02-04_leg1,POINT (-122.306233 37.393021)
2025-02-05 01:03:37.180,2025-02-04,17:03:37,8175,201.3,166.8,37.390338,-122.305477,a37eff,DAL1088,1,DAL1088_2025-02-04_leg1,POINT (-122.305477 37.390338)
2025-02-05 01:03:40.010,2025-02-04,17:03:40,8150,206.2,160.2,37.387756,-122.304421,a37eff,DAL1088,1,DAL1088_2025-02-04_leg1,POINT (-122.304421 37.387756)
2025-02-05 01:03:43.090,2025-02-04,17:03:43,8100,210.6,153.8,37.385056,-122.302843,a37eff,DAL1088,1,DAL1088_2025-02-04_leg1,POINT (-122.302843 37.385056)
2025-02-05 01:03:45.190,2025-02-04,17:03:45,8075,214.7,149.5,37.383224,-122.301499,a37eff,DAL1088,1,DAL1088_2025-02-04_leg1,POINT (-122.301499 37.383224)
2025-02-05 01:03:48.610,2025-02-04,17:03:48,8025,219.6,143.7,37.380432,-122.298987,a37eff,DAL1088,1,DAL1088_2025-02-04_leg1,POINT (-122.298987 37.380432)
2025-02-05 01:03:50.460,2025-02-04,17:03:50,7975,222.9,140.1,37.37898,-122.297416,a37eff,DAL1088,1,DAL1088_2025-02-04_leg1,POINT (-122.297416 37.37898)
2025-02-05 01:03:52.480,2025-02-04,17:03:52,7925,227.0,135.9,37.377457,-122.29548,a37eff,DAL1088,1,DAL1088_2025-02-04_leg1,POINT (-122.29548 37.377457)
2025-02-05 01:03:54.550,2025-02-04,17:03:54,7875,231.6,131.7,37.376,-122.293416,a37eff,DAL1088,1,DAL1088_2025-02-04_leg1,POINT (-122.293416 37.376)
2025-02-05 01:03:56.200,2025-02-04,17:03:56,7850,234.9,128.4,37.374893,-122.291682,a37eff,DAL1088,1,DAL1088_2025-02-04_leg1,POINT (-122.291682 37.374893)
2025-02-05 01:03:58.180,2025-02-04,17:03:58,7775,238.3,125.1,37.373673,-122.289475,a37eff,DAL1088,1,DAL1088_2025-02-04_leg1,POINT (-122.289475 37.373673)
2025-02-05 01:04:00.280,2025-02-04,17:04:00,7700,242.3,121.3,37.372416,-122.286908,a37eff,DAL1088,1,DAL1088_2025-02-04_leg1,POINT (-122.286908 37.372416)
2025-02-05 01:04:02.190,2025-02-04,17:04:02,7650,246.4,117.3,37.371414,-122.284436,a37eff,DAL1088,1,DAL1088_2025-02-04_leg1,POINT (-122.284436 37.371414)
2025-02-05 01:04:04.260,2025-02-04,17:04:04,7575,250.8,113.5,37.370499,-122.281747,a37eff,DAL1088,1,DAL1088_2025-02-04_leg1,POINT (-122.281747 37.370499)
2025-02-05 01:04:06.440,2025-02-04,17:04:06,7525,253.7,109.6,37.369623,-122.278608,a37eff,DAL1088,1,DAL1088_2025-02-04_leg1,POINT (-122.278608 37.369623)
2025-02-05 01:04:08.260,2025-02-04,17:04:08,7475,257.7,105.8,37.369018,-122.276041,a37eff,DAL1088,1,DAL1088_2025-02-04_leg1,POINT (-122.276041 37.369018)
2025-02-05 01:04:11.570,2025-02-04,17:04:11,7425,262.1,100.1,37.368319,-122.271085,a37eff,DAL1088,1,DAL1088_2025-02-04_leg1,POINT (-122.271085 37.368319)
2025-02-05 01:04:14.160,2025-02-04,17:04:14,7375,266.9,94.7,37.367993,-122.267085,a37eff,DAL1088,1,DAL1088_2025-02-04_leg1,POINT (-122.267085 37.367993)
2025-02-05 01:04:17.740,2025-02-04,17:04:17,7350,271.0,89.8,37.367935,-122.261528,a37eff,DAL1088,1,DAL1088_2025-02-04_leg1,POINT (-122.261528 37.367935)
2025-02-05 01:04:23.950,2025-02-04,17:04:23,7300,273.5,86.7,37.368273,-122.25168,a37eff,DAL1088,1,DAL1088_2025-02-04_leg1,POINT (-122.25168 37.368273)
2025-02-05 01:04:40.760,2025-02-04,17:04:40,7225,274.7,85.8,37.369855,-122.224871,a37eff,DAL1088,1,DAL1088_2025-02-04_leg1,POINT (-122.224871 37.369855)
2025-02-05 01:04:50.370,2025-02-04,17:04:50,7150,272.7,86.0,37.37074,-122.209705,a37eff,DAL1088,1,DAL1088_2025-02-04_leg1,POINT (-122.209705 37.37074)
2025-02-05 01:04:54.820,2025-02-04,17:04:54,7075,271.7,86.0,37.37114,-122.202681,a37eff,DAL1088,1,DAL1088_2025-02-04_leg1,POINT (-122.202681 37.37114)
2025-02-05 01:04:58.480,2025-02-04,17:04:58,6975,271.6,86.2,37.371438,-122.196927,a37eff,DAL1088,1,DAL1088_2025-02-04_leg1,POINT (-122.196927 37.371438)
2025-02-05 01:05:02.800,2025-02-04,17:05:02,6875,271.6,86.2,37.371826,-122.190058,a37eff,DAL1088,1,DAL1088_2025-02-04_leg1,POINT (-122.190058 37.371826)
2025-02-05 01:05:06.840,2025-02-04,17:05:06,6775,271.6,86.2,37.372147,-122.183747,a37eff,DAL1088,1,DAL1088_2025-02-04_leg1,POINT (-122.183747 37.372147)
2025-02-05 01:05:10.050,2025-02-04,17:05:10,6675,271.6,86.2,37.372416,-122.178657,a37eff,DAL1088,1,DAL1088_2025-02-04_leg1,POINT (-122.178657 37.372416)
2025-02-05 01:05:13.140,2025-02-04,17:05:13,6600,271.6,86.2,37.37265,-122.173871,a37eff,DAL1088,1,DAL1088_2025-02-04_leg1,POINT (-122.173871 37.37265)
2025-02-05 01:05:19.010,2025-02-04,17:05:19,6500,269.7,86.0,37.373199,-122.164638,a37eff,DAL1088,1,DAL1088_2025-02-04_leg1,POINT (-122.164638 37.373199)
2025-02-05 01:05:24.730,2025-02-04,17:05:24,6400,266.7,85.9,37.373703,-122.155755,a37eff,DAL1088,1,DAL1088_2025-02-04_leg1,POINT (-122.155755 37.373703)
2025-02-05 01:05:30.800,2025-02-04,17:05:30,6325,263.6,83.7,37.374278,-122.146533,a37eff,DAL1088,1,DAL1088_2025-02-04_leg1,POINT (-122.146533 37.374278)
2025-02-05 01:05:34.560,2025-02-04,17:05:34,6250,263.4,79.5,37.375069,-122.140801,a37eff,DAL1088,1,DAL1088_2025-02-04_leg1,POINT (-122.140801 37.375069)
2025-02-05 01:05:36.990,2025-02-04,17:05:36,6250,264.0,74.2,37.375814,-122.137219,a37eff,DAL1088,1,DAL1088_2025-02-04_leg1,POINT (-122.137219 37.375814)
2025-02-05 01:05:40.030,2025-02-04,17:05:40,6225,263.3,69.1,37.37709,-122.132848,a37eff,DAL1088,1,DAL1088_2025-02-04_leg1,POINT (-122.132848 37.37709)
2025-02-05 01:05:41.640,2025-02-04,17:05:41,6200,262.8,66.0,37.377869,-122.130568,a37eff,DAL1088,1,DAL1088_2025-02-04_leg1,POINT (-122.130568 37.377869)
2025-02-05 01:05:45.510,2025-02-04,17:05:45,6125,261.9,61.0,37.380066,-122.125368,a37eff,DAL1088,1,DAL1088_2025-02-04_leg1,POINT (-122.125368 37.380066)
2025-02-05 01:05:47.820,2025-02-04,17:05:47,6100,259.6,55.5,37.381577,-122.122446,a37eff,DAL1088,1,DAL1088_2025-02-04_leg1,POINT (-122.122446 37.381577)
2025-02-05 01:05:49.340,2025-02-04,17:05:49,6100,258.8,53.5,37.382704,-122.12062,a37eff,DAL1088,1,DAL1088_2025-02-04_leg1,POINT (-122.12062 37.382704)
2025-02-05 01:05:50.300,2025-02-04,17:05:50,6100,257.5,51.3,37.383453,-122.119524,a37eff,DAL1088,1,DAL1088_2025-02-04_leg1,POINT (-122.119524 37.383453)
2025-02-05 01:05:52.470,2025-02-04,17:05:52,6125,254.1,47.4,37.385171,-122.117217,a37eff,DAL1088,1,DAL1088_2025-02-04_leg1,POINT (-122.117217 37.385171)
2025-02-05 01:05:54.030,2025-02-04,17:05:54,6125,250.4,43.4,37.386521,-122.115605,a37eff,DAL1088,1,DAL1088_2025-02-04_leg1,POINT (-122.115605 37.386521)
2025-02-05 01:05:56.500,2025-02-04,17:05:56,6125,247.0,40.1,37.388672,-122.113388,a37eff,DAL1088,1,DAL1088_2025-02-04_leg1,POINT (-122.113388 37.388672)
2025-02-05 01:05:58.430,2025-02-04,17:05:58,6125,245.0,36.9,37.390411,-122.111751,a37eff,DAL1088,1,DAL1088_2025-02-04_leg1,POINT (-122.111751 37.390411)
2025-02-05 01:06:00.360,2025-02-04,17:06:00,6125,242.4,34.4,37.392201,-122.110231,a37eff,DAL1088,1,DAL1088_2025-02-04_leg1,POINT (-122.110231 37.392201)
2025-02-05 01:06:01.860,2025-02-04,17:06:01,6100,242.4,32.7,37.39357,-122.109122,a37eff,DAL1088,1,DAL1088_2025-02-04_leg1,POINT (-122.109122 37.39357)
2025-02-05 01:06:05.070,2025-02-04,17:06:05,6025,242.3,31.3,37.396716,-122.106708,a37eff,DAL1088,1,DAL1088_2025-02-04_leg1,POINT (-122.106708 37.396716)
2025-02-05 01:06:09.120,2025-02-04,17:06:09,5925,242.2,29.4,37.400665,-122.103921,a37eff,DAL1088,1,DAL1088_2025-02-04_leg1,POINT (-122.103921 37.400665)
2025-02-05 01:06:13.780,2025-02-04,17:06:13,5825,243.1,29.3,37.405151,-122.100765,a37eff,DAL1088,1,DAL1088_2025-02-04_leg1,POINT (-122.100765 37.405151)
2025-02-05 01:06:18.140,2025-02-04,17:06:18,5725,244.0,29.2,37.4095,-122.097726,a37eff,DAL1088,1,DAL1088_2025-02-04_leg1,POINT (-122.097726 37.4095)
2025-02-05 01:06:23.080,2025-02-04,17:06:23,5625,244.4,28.9,37.414444,-122.094279,a37eff,DAL1088,1,DAL1088_2025-02-04_leg1,POINT (-122.094279 37.414444)
2025-02-05 01:06:28.040,2025-02-04,17:06:28,5525,245.7,28.4,37.419387,-122.090885,a37eff,DAL1088,1,DAL1088_2025-02-04_leg1,POINT (-122.090885 37.419387)
2025-02-05 01:06:32.300,2025-02-04,17:06:32,5425,246.5,28.3,37.423645,-122.088026,a37eff,DAL1088,1,DAL1088_2025-02-04_leg1,POINT (-122.088026 37.423645)
2025-02-05 01:06:38.750,2025-02-04,17:06:38,5325,247.8,27.9,37.430187,-122.083661,a37eff,DAL1088,1,DAL1088_2025-02-04_leg1,POINT (-122.083661 37.430187)
2025-02-05 01:06:43.270,2025-02-04,17:06:43,5275,246.9,27.5,37.434749,-122.080675,a37eff,DAL1088,1,DAL1088_2025-02-04_leg1,POINT (-122.080675 37.434749)
2025-02-05 01:06:53.700,2025-02-04,17:06:53,5250,247.8,26.4,37.445363,-122.073928,a37eff,DAL1088,1,DAL1088_2025-02-04_leg1,POINT (-122.073928 37.445363)
2025-02-05 01:06:57.200,2025-02-04,17:06:57,5250,247.2,22.1,37.449097,-122.071897,a37eff,DAL1088,1,DAL1088_2025-02-04_leg1,POINT (-122.071897 37.449097)
2025-02-05 01:07:00.280,2025-02-04,17:07:00,5250,247.3,17.4,37.452439,-122.070525,a37eff,DAL1088,1,DAL1088_2025-02-04_leg1,POINT (-122.070525 37.452439)
2025-02-05 01:07:03.190,2025-02-04,17:07:03,5250,245.4,12.0,37.455651,-122.069569,a37eff,DAL1088,1,DAL1088_2025-02-04_leg1,POINT (-122.069569 37.455651)
2025-02-05 01:07:06.270,2025-02-04,17:07:06,5225,242.5,6.4,37.459096,-122.069032,a37eff,DAL1088,1,DAL1088_2025-02-04_leg1,POINT (-122.069032 37.459096)
2025-02-05 01:07:09.230,2025-02-04,17:07:09,5225,238.0,0.2,37.462372,-122.068975,a37eff,DAL1088,1,DAL1088_2025-02-04_leg1,POINT (-122.068975 37.462372)
2025-02-05 01:07:12.590,2025-02-04,17:07:12,5225,233.1,354.3,37.466034,-122.069384,a37eff,DAL1088,1,DAL1088_2025-02-04_leg1,POINT (-122.069384 37.466034)
2025-02-05 01:07:14.140,2025-02-04,17:07:14,5225,229.3,350.2,37.467662,-122.069749,a37eff,DAL1088,1,DAL1088_2025-02-04_leg1,POINT (-122.069749 37.467662)
2025-02-05 01:07:16.280,2025-02-04,17:07:16,5200,225.3,346.4,37.469757,-122.070346,a37eff,DAL1088,1,DAL1088_2025-02-04_leg1,POINT (-122.070346 37.469757)
2025-02-05 01:07:19.520,2025-02-04,17:07:19,5175,220.7,342.1,37.472946,-122.071663,a37eff,DAL1088,1,DAL1088_2025-02-04_leg1,POINT (-122.071663 37.472946)
2025-02-05 01:07:24.590,2025-02-04,17:07:24,5150,216.0,338.5,37.477753,-122.073942,a37eff,DAL1088,1,DAL1088_2025-02-04_leg1,POINT (-122.073942 37.477753)
2025-02-05 01:07:32.590,2025-02-04,17:07:32,5075,211.2,337.4,37.484979,-122.07769,a37eff,DAL1088,1,DAL1088_2025-02-04_leg1,POINT (-122.07769 37.484979)
2025-02-05 01:07:37.610,2025-02-04,17:07:37,4975,210.0,336.1,37.489471,-122.080137,a37eff,DAL1088,1,DAL1088_2025-02-04_leg1,POINT (-122.080137 37.489471)
2025-02-05 01:07:40.470,2025-02-04,17:07:40,4925,205.8,332.2,37.491869,-122.08169,a37eff,DAL1088,1,DAL1088_2025-02-04_leg1,POINT (-122.08169 37.491869)
2025-02-05 01:07:42.400,2025-02-04,17:07:42,4875,202.3,327.7,37.493359,-122.082944,a37eff,DAL1088,1,DAL1088_2025-02-04_leg1,POINT (-122.082944 37.493359)
2025-02-05 01:07:44.790,2025-02-04,17:07:44,4800,198.0,323.4,37.495148,-122.084636,a37eff,DAL1088,1,DAL1088_2025-02-04_leg1,POINT (-122.084636 37.495148)
2025-02-05 01:07:47.260,2025-02-04,17:07:47,4750,194.6,317.3,37.49675,-122.086448,a37eff,DAL1088,1,DAL1088_2025-02-04_leg1,POINT (-122.086448 37.49675)
2025-02-05 01:07:50.410,2025-02-04,17:07:50,4675,192.6,312.0,37.498672,-122.089078,a37eff,DAL1088,1,DAL1088_2025-02-04_leg1,POINT (-122.089078 37.498672)
2025-02-05 01:07:53.870,2025-02-04,17:07:53,4600,190.8,306.7,37.500574,-122.092079,a37eff,DAL1088,1,DAL1088_2025-02-04_leg1,POINT (-122.092079 37.500574)
2025-02-05 01:07:58.230,2025-02-04,17:07:58,4500,190.3,302.8,37.502701,-122.09609,a37eff,DAL1088,1,DAL1088_2025-02-04_leg1,POINT (-122.09609 37.502701)
2025-02-05 01:08:04.860,2025-02-04,17:08:04,4400,188.2,300.0,37.505695,-122.102349,a37eff,DAL1088,1,DAL1088_2025-02-04_leg1,POINT (-122.102349 37.505695)
2025-02-05 01:08:11.270,2025-02-04,17:08:11,4300,188.4,298.9,37.508441,-122.108499,a37eff,DAL1088,1,DAL1088_2025-02-04_leg1,POINT (-122.108499 37.508441)
2025-02-05 01:08:20.000,2025-02-04,17:08:20,4250,187.2,299.4,37.512131,-122.116836,a37eff,DAL1088,1,DAL1088_2025-02-04_leg1,POINT (-122.116836 37.512131)
2025-02-05 01:08:26.900,2025-02-04,17:08:26,4275,190.7,298.9,37.515015,-122.123497,a37eff,DAL1088,1,DAL1088_2025-02-04_leg1,POINT (-122.123497 37.515015)
2025-02-05 01:08:30.870,2025-02-04,17:08:30,4250,193.9,299.3,37.516774,-122.127367,a37eff,DAL1088,1,DAL1088_2025-02-04_leg1,POINT (-122.127367 37.516774)
2025-02-05 01:08:39.350,2025-02-04,17:08:39,4175,193.2,297.8,37.520405,-122.135786,a37eff,DAL1088,1,DAL1088_2025-02-04_leg1,POINT (-122.135786 37.520405)
2025-02-05 01:08:44.570,2025-02-04,17:08:44,4075,190.1,297.9,37.522547,-122.140921,a37eff,DAL1088,1,DAL1088_2025-02-04_leg1,POINT (-122.140921 37.522547)
2025-02-05 01:08:53.100,2025-02-04,17:08:53,3975,186.6,298.5,37.526047,-122.149152,a37eff,DAL1088,1,DAL1088_2025-02-04_leg1,POINT (-122.149152 37.526047)
2025-02-05 01:09:01.520,2025-02-04,17:09:01,3900,188.3,297.5,37.52948,-122.157216,a37eff,DAL1088,1,DAL1088_2025-02-04_leg1,POINT (-122.157216 37.52948)
2025-02-05 01:09:06.620,2025-02-04,17:09:06,3800,190.5,297.5,37.53154,-122.162242,a37eff,DAL1088,1,DAL1088_2025-02-04_leg1,POINT (-122.162242 37.53154)
2025-02-05 01:09:12.450,2025-02-04,17:09:12,3700,192.4,297.9,37.533952,-122.167969,a37eff,DAL1088,1,DAL1088_2025-02-04_leg1,POINT (-122.167969 37.533952)
2025-02-05 01:09:17.060,2025-02-04,17:09:17,3600,192.9,298.8,37.535907,-122.172507,a37eff,DAL1088,1,DAL1088_2025-02-04_leg1,POINT (-122.172507 37.535907)
2025-02-05 01:09:22.100,2025-02-04,17:09:22,3500,192.8,298.2,37.538002,-122.177462,a37eff,DAL1088,1,DAL1088_2025-02-04_leg1,POINT (-122.177462 37.538002)
2025-02-05 01:09:26.820,2025-02-04,17:09:26,3400,192.8,298.2,37.540004,-122.18212,a37eff,DAL1088,1,DAL1088_2025-02-04_leg1,POINT (-122.18212 37.540004)
2025-02-05 01:09:31.370,2025-02-04,17:09:31,3300,191.9,298.3,37.541913,-122.186657,a37eff,DAL1088,1,DAL1088_2025-02-04_leg1,POINT (-122.186657 37.541913)
2025-02-05 01:09:36.200,2025-02-04,17:09:36,3200,191.5,298.0,37.543945,-122.191402,a37eff,DAL1088,1,DAL1088_2025-02-04_leg1,POINT (-122.191402 37.543945)
2025-02-05 01:09:41.430,2025-02-04,17:09:41,3100,188.8,297.8,37.546097,-122.196486,a37eff,DAL1088,1,DAL1088_2025-02-04_leg1,POINT (-122.196486 37.546097)
2025-02-05 01:09:47.430,2025-02-04,17:09:47,3000,186.1,297.5,37.548523,-122.202301,a37eff,DAL1088,1,DAL1088_2025-02-04_leg1,POINT (-122.202301 37.548523)
2025-02-05 01:09:54.130,2025-02-04,17:09:54,2900,183.8,297.5,37.551176,-122.20869,a37eff,DAL1088,1,DAL1088_2025-02-04_leg1,POINT (-122.20869 37.551176)
2025-02-05 01:10:01.320,2025-02-04,17:10:01,2800,180.7,297.7,37.55397,-122.215362,a37eff,DAL1088,1,DAL1088_2025-02-04_leg1,POINT (-122.215362 37.55397)
2025-02-05 01:10:08.780,2025-02-04,17:10:08,2700,180.3,298.1,37.556854,-122.222258,a37eff,DAL1088,1,DAL1088_2025-02-04_leg1,POINT (-122.222258 37.556854)
2025-02-05 01:10:14.690,2025-02-04,17:10:14,2600,181.1,297.3,37.559183,-122.227796,a37eff,DAL1088,1,DAL1088_2025-02-04_leg1,POINT (-122.227796 37.559183)
2025-02-05 01:10:20.700,2025-02-04,17:10:20,2500,180.7,297.7,37.561511,-122.233409,a37eff,DAL1088,1,DAL1088_2025-02-04_leg1,POINT (-122.233409 37.561511)
2025-02-05 01:10:26.260,2025-02-04,17:10:26,2400,179.9,298.6,37.563675,-122.238562,a37eff,DAL1088,1,DAL1088_2025-02-04_leg1,POINT (-122.238562 37.563675)
2025-02-05 01:10:32.030,2025-02-04,17:10:32,2300,178.9,298.0,37.565964,-122.24388,a37eff,DAL1088,1,DAL1088_2025-02-04_leg1,POINT (-122.24388 37.565964)
2025-02-05 01:10:37.710,2025-02-04,17:10:37,2200,176.2,297.7,37.568161,-122.249081,a37eff,DAL1088,1,DAL1088_2025-02-04_leg1,POINT (-122.249081 37.568161)
2025-02-05 01:10:43.320,2025-02-04,17:10:43,2150,172.2,298.0,37.570267,-122.254106,a37eff,DAL1088,1,DAL1088_2025-02-04_leg1,POINT (-122.254106 37.570267)
2025-02-05 01:10:46.440,2025-02-04,17:10:46,2100,168.2,298.4,37.571411,-122.256794,a37eff,DAL1088,1,DAL1088_2025-02-04_leg1,POINT (-122.256794 37.571411)
2025-02-05 01:10:50.380,2025-02-04,17:10:50,2050,164.2,298.0,37.572823,-122.260099,a37eff,DAL1088,1,DAL1088_2025-02-04_leg1,POINT (-122.260099 37.572823)
2025-02-05 01:10:56.510,2025-02-04,17:10:56,1950,159.7,297.2,37.574936,-122.265209,a37eff,DAL1088,1,DAL1088_2025-02-04_leg1,POINT (-122.265209 37.574936)
2025-02-05 01:11:00.610,2025-02-04,17:11:00,1900,154.8,297.7,37.576315,-122.268458,a37eff,DAL1088,1,DAL1088_2025-02-04_leg1,POINT (-122.268458 37.576315)
2025-02-05 01:11:04.550,2025-02-04,17:11:04,1850,149.9,298.3,37.577572,-122.271503,a37eff,DAL1088,1,DAL1088_2025-02-04_leg1,POINT (-122.271503 37.577572)
2025-02-05 01:11:08.430,2025-02-04,17:11:08,1775,145.8,297.8,37.578827,-122.274443,a37eff,DAL1088,1,DAL1088_2025-02-04_leg1,POINT (-122.274443 37.578827)
2025-02-05 01:11:13.440,2025-02-04,17:11:13,1700,141.8,297.3,37.580338,-122.278124,a37eff,DAL1088,1,DAL1088_2025-02-04_leg1,POINT (-122.278124 37.580338)
2025-02-05 01:11:19.890,2025-02-04,17:11:19,1625,136.9,297.9,37.58226,-122.282741,a37eff,DAL1088,1,DAL1088_2025-02-04_leg1,POINT (-122.282741 37.58226)
2025-02-05 01:11:26.990,2025-02-04,17:11:26,1525,132.5,298.9,37.584368,-122.287564,a37eff,DAL1088,1,DAL1088_2025-02-04_leg1,POINT (-122.287564 37.584368)
2025-02-05 01:11:31.370,2025-02-04,17:11:31,1475,128.8,297.8,37.585602,-122.290455,a37eff,DAL1088,1,DAL1088_2025-02-04_leg1,POINT (-122.290455 37.585602)
2025-02-05 01:11:39.760,2025-02-04,17:11:39,1400,124.8,298.2,37.587891,-122.295889,a37eff,DAL1088,1,DAL1088_2025-02-04_leg1,POINT (-122.295889 37.587891)
2025-02-05 01:11:48.230,2025-02-04,17:11:48,1325,124.3,296.8,37.590134,-122.301324,a37eff,DAL1088,1,DAL1088_2025-02-04_leg1,POINT (-122.301324 37.590134)
2025-02-05 01:11:55.430,2025-02-04,17:11:55,1225,127.1,298.2,37.592049,-122.306014,a37eff,DAL1088,1,DAL1088_2025-02-04_leg1,POINT (-122.306014 37.592049)
2025-02-05 01:12:02.530,2025-02-04,17:12:02,1150,131.1,297.7,37.59407,-122.310791,a37eff,DAL1088,1,DAL1088_2025-02-04_leg1,POINT (-122.310791 37.59407)
2025-02-05 01:12:09.710,2025-02-04,17:12:09,1050,134.6,297.9,37.596099,-122.315747,a37eff,DAL1088,1,DAL1088_2025-02-04_leg1,POINT (-122.315747 37.596099)
2025-02-05 01:12:16.520,2025-02-04,17:12:16,950,134.2,298.5,37.598145,-122.320433,a37eff,DAL1088,1,DAL1088_2025-02-04_leg1,POINT (-122.320433 37.598145)
2025-02-05 01:12:24.960,2025-02-04,17:12:24,875,129.3,298.1,37.600525,-122.326102,a37eff,DAL1088,1,DAL1088_2025-02-04_leg1,POINT (-122.326102 37.600525)
2025-02-05 01:12:32.660,2025-02-04,17:12:32,775,127.1,299.2,37.602676,-122.331186,a37eff,DAL1088,1,DAL1088_2025-02-04_leg1,POINT (-122.331186 37.602676)
2025-02-05 01:12:40.920,2025-02-04,17:12:40,675,127.5,297.6,37.605011,-122.336562,a37eff,DAL1088,1,DAL1088_2025-02-04_leg1,POINT (-122.336562 37.605011)
2025-02-05 01:12:48.620,2025-02-04,17:12:48,575,126.1,297.4,37.607117,-122.341646,a37eff,DAL1088,1,DAL1088_2025-02-04_leg1,POINT (-122.341646 37.607117)
2025-02-05 01:12:57.460,2025-02-04,17:12:57,500,128.8,296.8,37.609451,-122.347432,a37eff,DAL1088,1,DAL1088_2025-02-04_leg1,POINT (-122.347432 37.609451)
2025-02-05 01:13:01.430,2025-02-04,17:13:01,475,132.8,297.3,37.61055,-122.35012,a37eff,DAL1088,1,DAL1088_2025-02-04_leg1,POINT (-122.35012 37.61055)
2025-02-05 01:13:06.530,2025-02-04,17:13:06,375,136.9,297.9,37.612061,-122.353684,a37eff,DAL1088,1,DAL1088_2025-02-04_leg1,POINT (-122.353684 37.612061)
2025-02-05 01:13:15.510,2025-02-04,17:13:15,300,136.4,297.5,37.614674,-122.359931,a37eff,DAL1088,1,DAL1088_2025-02-04_leg1,POINT (-122.359931 37.614674)
2025-02-05 01:13:23.900,2025-02-04,17:13:23,225,135.5,297.7,37.617233,-122.365956,a37eff,DAL1088,1,DAL1088_2025-02-04_leg1,POINT (-122.365956 37.617233)
2025-02-05 01:13:27.400,2025-02-04,17:13:27,225,131.1,297.7,37.618165,-122.36829,a37eff,DAL1088,1,DAL1088_2025-02-04_leg1,POINT (-122.36829 37.618165)
2025-02-05 01:13:29.800,2025-02-04,17:13:29,225,126.6,297.8,37.618863,-122.369902,a37eff,DAL1088,1,DAL1088_2025-02-04_leg1,POINT (-122.369902 37.618863)
2025-02-05 01:13:30.450,2025-02-04,17:13:30,225,121.7,298.5,37.619019,-122.370222,a37eff,DAL1088,1,DAL1088_2025-02-04_leg1,POINT (-122.370222 37.619019)
2025-02-05 01:13:31.580,2025-02-04,17:13:31,200,116.8,298.1,37.619282,-122.370858,a37eff,DAL1088,1,DAL1088_2025-02-04_leg1,POINT (-122.370858 37.619282)
2025-02-05 01:13:31.990,2025-02-04,17:13:31,200,110.9,298.0,37.619385,-122.371157,a37eff,DAL1088,1,DAL1088_2025-02-04_leg1,POINT (-122.371157 37.619385)
2025-02-05 01:13:32.560,2025-02-04,17:13:32,200,104.2,298.0,37.619515,-122.371395,a37eff,DAL1088,1,DAL1088_2025-02-04_leg1,POINT (-122.371395 37.619515)
2025-02-05 01:13:33.080,2025-02-04,17:13:33,200,104.2,298.0,37.619608,-122.371693,a37eff,DAL1088,1,DAL1088_2025-02-04_leg1,POINT (-122.371693 37.619608)
